{
  "timestamp": "2025-12-30T12:54:59.723021",
  "hyperparameters": {
    "batch_size": 8,
    "img_side_length": 224,
    "epochs": 30,
    "learning_rate": 0.0001,
    "buffer_size": 2,
    "label_mode": "categorical",
    "class_weights": "{0: 0.5488133764832794, 1: 7.5766535260621986, 2: 0.6829937613519703, 3: 0.5488133764832794, 4: 2.1906661600810535, 5: 3.2985316552250192}",
    "data_augmentation": "None (Pre-augmented dataset)",
    "base_model": "MobileNetV2",
    "base_model_trainable": false,
    "optimizer": "Adam",
    "loss": "categorical_crossentropy",
    "dropout_rate": 0.3,
    "dense_layer_units": 224
  },
  "dataset_info": {
    "data_dir": "../data/processed/tomato_disease",
    "class_names": [
      "Healthy",
      "Leaf_Mold",
      "Leaf_blight",
      "Septoria_leaf_spot",
      "Verticillium_wilt",
      "Yellow_Leaf_Curl_Virus"
    ],
    "total_classes": 6
  },
  "results": {
    "final_train_accuracy": 0.9174736142158508,
    "final_val_accuracy": 0.8154059648513794,
    "final_train_loss": 0.16268157958984375,
    "final_val_loss": 0.51203453540802,
    "best_val_accuracy": 0.8154059648513794,
    "best_val_loss": 0.5117659568786621,
    "epochs_trained": 23,
    "test_accuracy": 0.8054978251457214,
    "test_loss": 0.525160551071167,
    "test_f1_score_weighted": 0.8060969833243641,
    "test_precision_weighted": 0.8092211337149757,
    "test_recall_weighted": 0.8054978054978055
  },
  "training_history": {
    "accuracy": [
      0.5797080397605896,
      0.6688249707221985,
      0.7020089626312256,
      0.7280243039131165,
      0.7448764443397522,
      0.764127790927887,
      0.7778291702270508,
      0.7914149165153503,
      0.8053764700889587,
      0.8166497945785522,
      0.8262754678726196,
      0.8343402147293091,
      0.8455846309661865,
      0.8538228273391724,
      0.8606156706809998,
      0.8677265644073486,
      0.8751264810562134,
      0.8819482326507568,
      0.8897239565849304,
      0.8937418460845947,
      0.8985691666603088,
      0.9168955087661743,
      0.9174736142158508
    ],
    "val_accuracy": [
      0.6673606038093567,
      0.6828591227531433,
      0.7166319489479065,
      0.734212338924408,
      0.7460097074508667,
      0.7668285965919495,
      0.7480915784835815,
      0.7501735091209412,
      0.7737682461738586,
      0.774693489074707,
      0.7786259651184082,
      0.7797825336456299,
      0.7878788113594055,
      0.7927365303039551,
      0.7927365303039551,
      0.8015267252922058,
      0.7989822030067444,
      0.8086976408958435,
      0.783715009689331,
      0.7959750294685364,
      0.806847095489502,
      0.8107795715332031,
      0.8154059648513794
    ],
    "loss": [
      0.9449402093887329,
      0.7143007516860962,
      0.6337946057319641,
      0.5778863430023193,
      0.5320508480072021,
      0.49532559514045715,
      0.4594610929489136,
      0.42799830436706543,
      0.4030859172344208,
      0.3788611590862274,
      0.35869985818862915,
      0.3357383906841278,
      0.31643930077552795,
      0.299090176820755,
      0.27883586287498474,
      0.265262633562088,
      0.2510361075401306,
      0.2393086850643158,
      0.2218310832977295,
      0.21020229160785675,
      0.2007085382938385,
      0.16877682507038116,
      0.16268157958984375
    ],
    "val_loss": [
      0.8049086928367615,
      0.7532550096511841,
      0.6905818581581116,
      0.6430221199989319,
      0.6130563616752625,
      0.5800918340682983,
      0.6044732332229614,
      0.6009849309921265,
      0.5549582242965698,
      0.5522019267082214,
      0.5577371716499329,
      0.5482969284057617,
      0.5365473628044128,
      0.5392563343048096,
      0.5286462903022766,
      0.5297595262527466,
      0.5188261270523071,
      0.5117659568786621,
      0.5788913369178772,
      0.5320178270339966,
      0.5198988914489746,
      0.5194051861763,
      0.51203453540802
    ]
  }
}