{
  "timestamp": "2025-08-28T09:00:54.380676",
  "hyperparameters": {
    "batch_size": 32,
    "img_side_length": 128,
    "epochs": 20,
    "learning_rate": 0.001,
    "buffer_size": 2,
    "label_mode": "binary",
    "class_weights": null,
    "data_augmentation": "RandomFlip(horizontal) + RandomRotation(0.5)",
    "base_model": "MobileNetV2",
    "base_model_trainable": false,
    "optimizer": "Adam",
    "loss": "binary_crossentropy",
    "dropout_rate": 0.3,
    "dense_layer_units": 128
  },
  "dataset_info": {
    "data_dir": "../data/processed/PlantVillage_Binary",
    "class_names": [
      "Diseased",
      "Healthy"
    ],
    "total_classes": 2
  },
  "callbacks": {
    "early_stopping": {
      "monitor": "val_loss",
      "patience": 5,
      "restore_best_weights": true
    },
    "reduce_lr_on_plateau": {
      "monitor": "val_loss",
      "factor": 0.5,
      "patience": 3,
      "min_lr": 1e-07
    }
  },
  "results": {
    "final_train_accuracy": 0.9914959669113159,
    "final_val_accuracy": 0.9871735572814941,
    "final_train_loss": 0.02534838765859604,
    "final_val_loss": 0.033216409385204315,
    "best_val_accuracy": 0.9898957014083862,
    "best_val_loss": 0.027409575879573822,
    "epochs_trained": 20,
    "test_accuracy": 0.990239143371582,
    "test_loss": 0.02983035147190094
  },
  "training_history": {
    "accuracy": [
      0.9506593942642212,
      0.9706891775131226,
      0.9757829308509827,
      0.9785025119781494,
      0.9800349473953247,
      0.9816753268241882,
      0.9817184805870056,
      0.9829056262969971,
      0.9840927124023438,
      0.9846107363700867,
      0.9851071834564209,
      0.9859920740127563,
      0.9866827726364136,
      0.9868554472923279,
      0.9871360659599304,
      0.9891217350959778,
      0.9891433119773865,
      0.9903520345687866,
      0.9903520345687866,
      0.9914959669113159
    ],
    "val_accuracy": [
      0.9696410298347473,
      0.9765156507492065,
      0.9773922562599182,
      0.981083333492279,
      0.9828366041183472,
      0.9843130111694336,
      0.9793300628662109,
      0.9858816862106323,
      0.982052206993103,
      0.9808064699172974,
      0.9856510162353516,
      0.9875888228416443,
      0.9834363460540771,
      0.986158549785614,
      0.9860200881958008,
      0.9880963563919067,
      0.9873581528663635,
      0.9898957014083862,
      0.9879117608070374,
      0.9871735572814941
    ],
    "loss": [
      0.12802554666996002,
      0.07645247131586075,
      0.06443643569946289,
      0.05758975073695183,
      0.05594515800476074,
      0.050173550844192505,
      0.0475807785987854,
      0.04487655684351921,
      0.042545903474092484,
      0.04176751896739006,
      0.04153143987059593,
      0.03719649463891983,
      0.03641754016280174,
      0.036928486078977585,
      0.03560327738523483,
      0.030936187133193016,
      0.029182640835642815,
      0.026789816096425056,
      0.025986624881625175,
      0.02534838765859604
    ],
    "val_loss": [
      0.08318348228931427,
      0.05960843712091446,
      0.05899681895971298,
      0.04956628009676933,
      0.04756566137075424,
      0.0444934107363224,
      0.05570443347096443,
      0.03906312957406044,
      0.05058231204748154,
      0.05278288573026657,
      0.038329511880874634,
      0.034878961741924286,
      0.04290798678994179,
      0.035321976989507675,
      0.03591947257518768,
      0.031831856817007065,
      0.03333493322134018,
      0.027409575879573822,
      0.03215079754590988,
      0.033216409385204315
    ]
  },
  "custom_predictions": {
    "healthy_image_score": 0.0009555434226058424,
    "diseased_image_score": 0.0010368628427386284,
    "healthy_image_prediction": "Diseased",
    "diseased_image_prediction": "Diseased"
  }
}