{
  "timestamp": "2025-08-28T10:58:19.131183",
  "hyperparameters": {
    "batch_size": 32,
    "img_side_length": 128,
    "epochs": 20,
    "learning_rate": 0.0001,
    "buffer_size": 2,
    "label_mode": "binary",
    "class_weights": null,
    "data_augmentation": "RandomFlip(horizontal) + RandomRotation(0.5)",
    "base_model": "MobileNetV2",
    "base_model_trainable": false,
    "optimizer": "Adam",
    "loss": "binary_crossentropy",
    "dropout_rate": 0.3,
    "dense_layer_units": 128
  },
  "dataset_info": {
    "data_dir": "../data/processed/PlantVillage_Binary",
    "class_names": [
      "Diseased",
      "Healthy"
    ],
    "total_classes": 2
  },
  "callbacks": {
    "early_stopping": {
      "monitor": "val_loss",
      "patience": 5,
      "restore_best_weights": true
    },
    "reduce_lr_on_plateau": {
      "monitor": "val_loss",
      "factor": 0.5,
      "patience": 3,
      "min_lr": 1e-07
    }
  },
  "training_time": {
    "total_seconds": 2917.0351717472076,
    "total_minutes": 48.61725286245346,
    "total_hours": 0.8102875477075577,
    "formatted": "00h 48m 37s"
  },
  "results": {
    "final_train_accuracy": 0.9855819940567017,
    "final_val_accuracy": 0.9802989959716797,
    "final_train_loss": 0.03997012600302696,
    "final_val_loss": 0.052251994609832764,
    "best_val_accuracy": 0.9807603359222412,
    "best_val_loss": 0.052251994609832764,
    "epochs_trained": 20,
    "test_accuracy": 0.9796379804611206,
    "test_loss": 0.053000111132860184,
    "test_f1_score": 0.9558638083228247,
    "test_precision": 0.9409655172413793,
    "test_recall": 0.9712414578587699
  },
  "training_history": {
    "accuracy": [
      0.9214996695518494,
      0.9571776986122131,
      0.9658759832382202,
      0.9700632691383362,
      0.9735382199287415,
      0.973818838596344,
      0.9754592180252075,
      0.9771427512168884,
      0.9785456657409668,
      0.9794953465461731,
      0.9805313944816589,
      0.9815674424171448,
      0.9812868237495422,
      0.9831214547157288,
      0.9829919338226318,
      0.9842653870582581,
      0.984459638595581,
      0.9848265647888184,
      0.9849560856819153,
      0.9855819940567017
    ],
    "val_accuracy": [
      0.9423272013664246,
      0.961751401424408,
      0.9587523937225342,
      0.9668266177177429,
      0.9716711044311523,
      0.9732398390769958,
      0.9748085141181946,
      0.977023184299469,
      0.9788225293159485,
      0.9782689213752747,
      0.9794223308563232,
      0.9761003851890564,
      0.9739780426025391,
      0.9770693182945251,
      0.9807603359222412,
      0.9801605343818665,
      0.9787302613258362,
      0.9788225293159485,
      0.9788686633110046,
      0.9802989959716797
    ],
    "loss": [
      0.19356659054756165,
      0.11413295567035675,
      0.09180104732513428,
      0.08250465989112854,
      0.07221046835184097,
      0.07009752839803696,
      0.06578174978494644,
      0.06161140277981758,
      0.05753808841109276,
      0.054481495171785355,
      0.05409890413284302,
      0.05152196064591408,
      0.049084682017564774,
      0.04721168428659439,
      0.045367904007434845,
      0.04380415752530098,
      0.044002775102853775,
      0.042097192257642746,
      0.042071446776390076,
      0.03997012600302696
    ],
    "val_loss": [
      0.15453551709651947,
      0.10485910624265671,
      0.11114349216222763,
      0.09172141551971436,
      0.0742584764957428,
      0.07219737768173218,
      0.06893304735422134,
      0.0622999481856823,
      0.05874861031770706,
      0.05898869037628174,
      0.05644357576966286,
      0.06251784414052963,
      0.06821968406438828,
      0.06020205467939377,
      0.0535825714468956,
      0.05227996036410332,
      0.0561542771756649,
      0.05494730919599533,
      0.05660120025277138,
      0.052251994609832764
    ]
  },
  "custom_predictions": {
    "healthy_image_score": 0.7577768564224243,
    "diseased_image_score": 0.7613860368728638,
    "healthy_image_prediction": "Healthy",
    "diseased_image_prediction": "Healthy"
  }
}