{
  "timestamp": "2025-11-07T00:13:58.801690",
  "hyperparameters": {
    "batch_size": 32,
    "img_side_length": 128,
    "epochs": 30,
    "learning_rate": 0.0001,
    "buffer_size": 2,
    "label_mode": "binary",
    "class_weights": null,
    "data_augmentation": "RandomFlip + RandomRotation + RandomZoom + RandomBrightness + RandomContrast + RandomTranslation + GaussianNoise",
    "base_model": "MobileNetV2",
    "base_model_trainable": false,
    "optimizer": "Adam",
    "loss": "binary_crossentropy",
    "dropout_rate": 0.3,
    "dense_layer_units": 128
  },
  "dataset_info": {
    "data_dir": "/home/tehaan/projects/fyp-agro-edge-ai/data/processed/PlantVillage_Binary",
    "class_names": [
      "Diseased",
      "Healthy"
    ],
    "total_classes": 2
  },
  "training_time": {
    "total_seconds": 6614.7254848480225,
    "total_minutes": 110.24542474746704,
    "total_hours": 1.8374237457911173,
    "formatted": "01h 50m 14s"
  },
  "results": {
    "final_train_accuracy": 0.9771859049797058,
    "final_val_accuracy": 0.9652117490768433,
    "final_train_loss": 0.06328251212835312,
    "final_val_loss": 0.08852851390838623,
    "best_val_accuracy": 0.9671034216880798,
    "best_val_loss": 0.08575311303138733,
    "epochs_trained": 22,
    "test_accuracy": 0.966968297958374,
    "test_loss": 0.08845612406730652,
    "test_f1_score": 0.9301817188140457,
    "test_precision": 0.8941423693196743,
    "test_recall": 0.969248291571754
  },
  "training_history": {
    "accuracy": [
      0.9009302854537964,
      0.9392415285110474,
      0.9475513100624084,
      0.9539617300033569,
      0.9570913910865784,
      0.9599188566207886,
      0.9620124697685242,
      0.963242769241333,
      0.9642356038093567,
      0.9679695963859558,
      0.9678617119789124,
      0.9697826504707336,
      0.9703869819641113,
      0.9713798761367798,
      0.9725885391235352,
      0.9732145071029663,
      0.9723942875862122,
      0.9739482998847961,
      0.9724590182304382,
      0.975243330001831,
      0.975955605506897,
      0.9771859049797058
    ],
    "val_accuracy": [
      0.9123373627662659,
      0.9307926297187805,
      0.9157977104187012,
      0.9407585263252258,
      0.945233941078186,
      0.9385899901390076,
      0.9436652064323425,
      0.9373443126678467,
      0.9448186755180359,
      0.9328227639198303,
      0.9574605226516724,
      0.9491095542907715,
      0.9584755897521973,
      0.9585217237472534,
      0.9626280069351196,
      0.9574143886566162,
      0.9671034216880798,
      0.9647965431213379,
      0.9609209299087524,
      0.9668727517127991,
      0.9647965431213379,
      0.9652117490768433
    ],
    "loss": [
      0.23817889392375946,
      0.15509645640850067,
      0.1358996033668518,
      0.12115880846977234,
      0.10914740711450577,
      0.10369355231523514,
      0.09834147244691849,
      0.09501200914382935,
      0.09142468124628067,
      0.08619837462902069,
      0.08241875469684601,
      0.08044867217540741,
      0.0787770077586174,
      0.07524129748344421,
      0.07407326251268387,
      0.07246749103069305,
      0.07159785181283951,
      0.06869374215602875,
      0.07111907750368118,
      0.06853888183832169,
      0.0640869066119194,
      0.06328251212835312
    ],
    "val_loss": [
      0.22097867727279663,
      0.18121883273124695,
      0.20902565121650696,
      0.15767623484134674,
      0.14360646903514862,
      0.15685008466243744,
      0.1416296809911728,
      0.1523042768239975,
      0.1390274465084076,
      0.15903787314891815,
      0.11135081201791763,
      0.12748555839061737,
      0.1070416048169136,
      0.10548201948404312,
      0.09584006667137146,
      0.10692654550075531,
      0.08575311303138733,
      0.09062632918357849,
      0.09790407121181488,
      0.08625688403844833,
      0.0916261151432991,
      0.08852851390838623
    ]
  }
}