{
  "timestamp": "2025-08-28T13:49:35.638638",
  "hyperparameters": {
    "batch_size": 32,
    "img_side_length": 128,
    "epochs": 30,
    "learning_rate": 0.0001,
    "buffer_size": 2,
    "label_mode": "binary",
    "class_weights": null,
    "data_augmentation": "RandomFlip(horizontal) + RandomRotation(0.5)",
    "base_model": "MobileNetV2",
    "base_model_trainable": false,
    "optimizer": "Adam",
    "loss": "binary_crossentropy",
    "dropout_rate": 0.3,
    "dense_layer_units": 128
  },
  "dataset_info": {
    "data_dir": "../data/processed/PlantVillage_Binary",
    "class_names": [
      "Diseased",
      "Healthy"
    ],
    "total_classes": 2
  },
  "callbacks": {
    "early_stopping": {
      "monitor": "val_loss",
      "patience": 5,
      "restore_best_weights": true
    },
    "reduce_lr_on_plateau": {
      "monitor": "val_loss",
      "factor": 0.5,
      "patience": 3,
      "min_lr": 1e-07
    }
  },
  "training_time": {
    "total_seconds": 3698.633995771408,
    "total_minutes": 61.64389992952347,
    "total_hours": 1.0273983321587246,
    "formatted": "01h 01m 38s"
  },
  "results": {
    "final_train_accuracy": 0.9690272212028503,
    "final_val_accuracy": 0.9550613760948181,
    "final_train_loss": 0.08079202473163605,
    "final_val_loss": 0.11316322535276413,
    "best_val_accuracy": 0.9596751928329468,
    "best_val_loss": 0.1090189591050148,
    "epochs_trained": 12,
    "test_accuracy": 0.959276020526886,
    "test_loss": 0.11155688017606735,
    "test_f1_score": 0.9149797570850202,
    "test_precision": 0.8696767573114418,
    "test_recall": 0.965261958997722
  },
  "training_history": {
    "accuracy": [
      0.8996999859809875,
      0.93919837474823,
      0.9479829668998718,
      0.9549545645713806,
      0.9579978585243225,
      0.9616671204566956,
      0.9637175798416138,
      0.9648615121841431,
      0.9662860631942749,
      0.9674084186553955,
      0.9693509936332703,
      0.9690272212028503
    ],
    "val_accuracy": [
      0.9032019972801208,
      0.9237335324287415,
      0.9301005601882935,
      0.9397434592247009,
      0.9483712911605835,
      0.9397434592247009,
      0.9596751928329468,
      0.9409430623054504,
      0.9403432607650757,
      0.949570894241333,
      0.9453262090682983,
      0.9550613760948181
    ],
    "loss": [
      0.24370534718036652,
      0.15431910753250122,
      0.1330028474330902,
      0.11668851226568222,
      0.10961326211690903,
      0.10114673525094986,
      0.09674911946058273,
      0.0943949744105339,
      0.0876346156001091,
      0.08550213277339935,
      0.08105918765068054,
      0.08079202473163605
    ],
    "val_loss": [
      0.23712995648384094,
      0.19167864322662354,
      0.17733913660049438,
      0.1539813131093979,
      0.13287031650543213,
      0.15036745369434357,
      0.1090189591050148,
      0.14809787273406982,
      0.14886772632598877,
      0.12868428230285645,
      0.1399163156747818,
      0.11316322535276413
    ]
  },
  "custom_predictions": {
    "healthy_image_score": 0.358590692281723,
    "diseased_image_score": 0.3672557771205902,
    "healthy_image_prediction": "Healthy",
    "diseased_image_prediction": "Healthy"
  }
}